INSERT INTO customer (name, email, phone, address) VALUES
('Ali Rezaei', 'ali@example.com', '09121234567', 'Tehran, Iran'),
('Sara Ahmadi', 'sara@example.com', '09123456789', 'Shiraz, Iran'),
('Mehdi Khosravi', 'mehdi@example.com', '09381234567', 'Mashhad, Iran'),
('Reza Karimi', 'reza.karimi@example.com', '09121112222', 'Tabriz, Iran'),
('Maryam Jafari', 'maryam.jafari@example.com', '09353334444', 'Isfahan, Iran'),
('Hossein Ghaffari', 'hossein.gh@example.com', '09125556666', 'Karaj, Iran'),
('Parisa Shokri', 'parisa.sh@example.com', '09127778888', 'Yazd, Iran'),
('Amir Hosseini', 'amir.h@example.com', '09387776655', 'Qom, Iran'),
('Fatemeh Parsa', 'fatemeh.p@example.com', '09221113344', 'Tehran, Iran'),
('Shahin Abbasi', 'shahin.abbasi@example.com', '09351112233', 'Mashhad, Iran'),
('Neda Mousavi', 'neda.m@example.com', '09129998877', 'Kerman, Iran'),
('Kian Sadeghi', 'kian.sadeghi@example.com', '09356667788', 'Rasht, Iran'),
('Elham Fathi', 'elham.fathi@example.com', '09123332255', 'Hamedan, Iran'),
('Navid Rahimi', 'navid.rahimi@example.com', '09126665544', 'Urmia, Iran'),
('Samira Nouri', 'samira.nouri@example.com', '09127775599', 'Bushehr, Iran'),
('Pouya Azizi', 'pouya.azizi@example.com', '09389992233', 'Sanandaj, Iran'),
('Zahra Nazari', 'zahra.nazari@example.com', '09223335577', 'Ahvaz, Iran'),
('Hamed Vaziri', 'hamed.vaziri@example.com', '09351114455', 'Arak, Iran'),
('Niloofar Shariati', 'niloofar.sh@example.com', '09126667733', 'Shiraz, Iran'),
('Omid Khani', 'omid.kh@example.com', '09352221144', 'Gorgan, Iran'),
('Shiva Ebrahimi', 'shiva.e@example.com', '09121119955', 'Qazvin, Iran'),
('Armin Jalali', 'armin.jalali@example.com', '09124443311', 'Kashan, Iran'),
('Sanaz Soltani', 'sanaz.s@example.com', '09357778899', 'Tehran, Iran'),
('Mahdi Akbari', 'mahdi.akbari@example.com', '09223334466', 'Mashhad, Iran'),
('Leila Moradi', 'leila.m@example.com', '09125558899', 'Shiraz, Iran'),
('Saman Gholami', 'saman.gh@example.com', '09123331177', 'Karaj, Iran'),
('Arezoo Rostami', 'arezoo.r@example.com', '09126669988', 'Yazd, Iran'),
('Behzad Amini', 'behzad.a@example.com', '09356669977', 'Tehran, Iran'),
('Shahram Ranjbar', 'shahram.r@example.com', '09129991122', 'Isfahan, Iran'),
('Roya Farhadi', 'roya.f@example.com', '09121112233', 'Kerman, Iran');

INSERT INTO product (name, price, stock, category) VALUES
('Laptop', 45000.00, 12, 'Electronics'),
('Wireless Mouse', 600.50, 34, 'Accessories'),
('Desk Chair', 2000.99, 10, 'Furniture'),
('Smartphone', 15000.00, 50, 'Electronics'),
('Tablet', 12000.00, 30, 'Electronics'),
('Monitor', 7000.00, 25, 'Electronics'),
('Keyboard', 800.00, 40, 'Accessories'),
('Headphones', 950.00, 55, 'Accessories'),
('USB Cable', 120.00, 150, 'Accessories'),
('Power Bank', 450.00, 60, 'Accessories'),
('Bookshelf', 1800.00, 15, 'Furniture'),
('Dining Table', 3500.00, 8, 'Furniture'),
('Sofa', 6000.00, 5, 'Furniture'),
('TV Stand', 1600.00, 12, 'Furniture'),
('Bed Frame', 4000.00, 7, 'Furniture'),
('Washing Machine', 8500.00, 6, 'Home Appliance'),
('Refrigerator', 11000.00, 4, 'Home Appliance'),
('Microwave', 3500.00, 10, 'Home Appliance'),
('Vacuum Cleaner', 2800.00, 15, 'Home Appliance'),
('Air Conditioner', 12000.00, 9, 'Home Appliance'),
('Heater', 2000.00, 20, 'Home Appliance'),
('Fan', 800.00, 25, 'Home Appliance'),
('Blender', 950.00, 18, 'Home Appliance'),
('Rice Cooker', 1100.00, 14, 'Home Appliance'),
('Oven', 5000.00, 6, 'Home Appliance'),
('Printer', 3200.00, 11, 'Electronics'),
('External Hard Drive', 2400.00, 20, 'Electronics'),
('Smartwatch', 2800.00, 22, 'Electronics'),
('Camera', 9000.00, 8, 'Electronics'),
('Projector', 7500.00, 5, 'Electronics');

INSERT INTO orders (customer_id, order_date, status) VALUES
(1, '2025-09-01', 'shipped'),
(2, '2025-09-03', 'pending'),
(1, '2025-09-05', 'cancelled'),
(4, '2025-09-06', 'pending'),
(5, '2025-09-07', 'shipped'),
(6, '2025-09-08', 'delivered'),
(7, '2025-09-09', 'pending'),
(8, '2025-09-10', 'cancelled'),
(9, '2025-09-11', 'pending'),
(10, '2025-09-12', 'shipped'),
(11, '2025-09-13', 'delivered'),
(12, '2025-09-14', 'pending'),
(13, '2025-09-15', 'cancelled'),
(14, '2025-09-16', 'pending'),
(15, '2025-09-17', 'shipped'),
(16, '2025-09-18', 'delivered'),
(17, '2025-09-19', 'pending'),
(18, '2025-09-20', 'shipped'),
(19, '2025-09-21', 'cancelled'),
(20, '2025-09-22', 'pending'),
(21, '2025-09-23', 'delivered'),
(22, '2025-09-24', 'shipped'),
(23, '2025-09-25', 'pending'),
(24, '2025-09-26', 'cancelled'),
(25, '2025-09-27', 'shipped'),
(26, '2025-09-28', 'pending'),
(27, '2025-09-29', 'delivered'),
(28, '2025-09-30', 'shipped'),
(29, '2025-10-01', 'pending'),
(30, '2025-10-02', 'cancelled');

INSERT INTO order_item (order_id, product_id, quantity, price_at_order) VALUES
(1, 1, 1, 45000.00),
(1, 2, 2, 600.50),
(2, 3, 1, 2000.99),
(4, 4, 2, 800.00),
(5, 5, 1, 950.00),
(6, 6, 3, 120.00),
(7, 7, 1, 450.00),
(8, 8, 1, 1800.00),
(9, 9, 1, 3500.00),
(10, 10, 1, 6000.00),
(11, 11, 1, 1600.00),
(12, 12, 1, 4000.00),
(13, 13, 1, 8500.00),
(14, 14, 1, 11000.00),
(15, 15, 1, 3500.00),
(16, 16, 1, 2800.00),
(17, 17, 1, 12000.00),
(18, 18, 2, 2000.00),
(19, 19, 2, 800.00),
(20, 20, 1, 950.00),
(21, 21, 1, 1100.00),
(22, 22, 1, 5000.00),
(23, 23, 1, 3200.00),
(24, 24, 2, 2400.00),
(25, 25, 1, 2800.00),
(26, 26, 1, 9000.00),
(27, 27, 1, 7500.00),
(28, 1, 1, 45000.00),
(29, 2, 1, 600.50),
(30, 3, 1, 2000.99);

INSERT INTO payment (order_id, amount, payment_method, payment_date) VALUES
(1, 46201.00, 'Credit Card', '2025-09-01'),
(2, 2000.99, 'Cash', '2025-09-03'),
(4, 1600.00, 'Cash', '2025-09-06'),
(5, 950.00, 'Credit Card', '2025-09-07'),
(6, 360.00, 'Cash', '2025-09-08'),
(7, 450.00, 'Credit Card', '2025-09-09'),
(8, 1800.00, 'Debit Card', '2025-09-10'),
(9, 3500.00, 'Cash', '2025-09-11'),
(10, 6000.00, 'Credit Card', '2025-09-12'),
(11, 1600.00, 'Cash', '2025-09-13'),
(12, 4000.00, 'Debit Card', '2025-09-14'),
(13, 8500.00, 'Credit Card', '2025-09-15'),
(14, 11000.00, 'Cash', '2025-09-16'),
(15, 3500.00, 'Credit Card', '2025-09-17'),
(16, 2800.00, 'Cash', '2025-09-18'),
(17, 12000.00, 'Debit Card', '2025-09-19'),
(18, 4000.00, 'Credit Card', '2025-09-20'),
(19, 1600.00, 'Cash', '2025-09-21'),
(20, 950.00, 'Credit Card', '2025-09-22'),
(21, 1100.00, 'Debit Card', '2025-09-23'),
(22, 5000.00, 'Credit Card', '2025-09-24'),
(23, 3200.00, 'Cash', '2025-09-25'),
(24, 4800.00, 'Credit Card', '2025-09-26'),
(25, 2800.00, 'Debit Card', '2025-09-27'),
(26, 9000.00, 'Cash', '2025-09-28'),
(27, 7500.00, 'Credit Card', '2025-09-29'),
(28, 45000.00, 'Debit Card', '2025-09-30'),
(29, 600.50, 'Cash', '2025-10-01'),
(30, 2000.99, 'Credit Card', '2025-10-02');
